{"scenes":[{"path":"Assets/Scenes/1-3.unity","contentHash":"326bb98a18407074b2c3a60e9105f8c8"}],"inputFiles":[{"path":"Assets/Scenes/1-3.unity","contentHash":"326bb98a18407074b2c3a60e9105f8c8"},{"path":"Assets/Prefabs/Cloud2.prefab","contentHash":"f14b255c521a8080fb05585500833877"},{"path":"Assets/Prefabs/Cloud1.prefab","contentHash":"76a54cba0eb6e00c5e6be061bc926e1b"},{"path":"Assets/Prefabs/Cloud3.prefab","contentHash":"5259d3b8320212d289515310130625a4"},{"path":"Assets/Prefabs/Mario.prefab","contentHash":"ab95851e13eeedf13fe682db41c7bc3d"},{"path":"Assets/Prefabs/Castle.prefab","contentHash":"066009a61415f39330f993b25b2898cc"},{"path":"Assets/Prefabs/Flag Pole.prefab","contentHash":"12848edbb2264691fb9392358c2c20a2"},{"path":"Packages/com.unity.burst/Runtime/Intrinsics/x86/Common.cs","contentHash":"00000000000000000000000000000000"},{"path":"Packages/com.unity.ugui/Runtime/UI/Core/Layout/LayoutRebuilder.cs","contentHash":"00000000000000000000000000000000"},{"path":"Packages/com.unity.ugui/Runtime/UI/Core/VertexModifiers/PositionAsUV1.cs","contentHash":"805c62fb3df38a31dfa854c4f1d54dfa"},{"path":"Packages/com.unity.2d.common/Runtime/InternalBridge/AssemblyInfo.cs","contentHash":"00000000000000000000000000000000"},{"path":"Packages/com.unity.test-framework/UnityEngine.TestRunner/TestRunner/RemoteHelpers/RemoteTestResultData.cs","contentHash":"00000000000000000000000000000000"},{"path":"Packages/com.unity.burst/Runtime/Intrinsics/Arm/NEON_ctor.cs","contentHash":"00000000000000000000000000000000"},{"path":"Packages/com.unity.textmeshpro/Scripts/Runtime/TMP_SubMeshUI.cs","contentHash":"9ed9e421d17369f1952e18cc1edadbcb"},{"path":"Packages/com.unity.mathematics/Unity.Mathematics/bool2.gen.cs","contentHash":"00000000000000000000000000000000"},{"path":"Packages/com.unity.textmeshpro/Scripts/Runtime/TMP_SubMesh.cs","contentHash":"0ffacc03a651624ad5bb72bc787275f7"},{"path":"Packages/com.unity.burst/Runtime/Intrinsics/Arm/NEON_AArch64_rdma.cs","contentHash":"00000000000000000000000000000000"},{"path":"Packages/com.unity.burst/Runtime/Intrinsics/x86/Sse3.cs","contentHash":"00000000000000000000000000000000"},{"path":"Packages/com.unity.2d.spriteshape/Runtime/External/LibTessDotNet/PriorityHeap.cs","contentHash":"00000000000000000000000000000000"},{"path":"Packages/com.unity.burst/Runtime/Intrinsics/x86/Ssse3.cs","contentHash":"00000000000000000000000000000000"},{"path":"Packages/com.unity.2d.animation/IK/Runtime/IKManager2D.cs","contentHash":"23c67d59b5e34236a2f0740251e16866"},{"path":"Packages/com.unity.2d.animation/Runtime/UpdateBoundsJob.cs","contentHash":"00000000000000000000000000000000"},{"path":"Packages/com.unity.textmeshpro/Scripts/Runtime/TMP_FontAssetUtilities.cs","contentHash":"00000000000000000000000000000000"},{"path":"Packages/com.unity.ugui/Runtime/EventSystem/UIBehaviour.cs","contentHash":"00000000000000000000000000000000"},{"path":"Packages/com.unity.test-framework/UnityEngine.TestRunner/Assertions/LogScope/LogEvent.cs","contentHash":"00000000000000000000000000000000"},{"path":"Packages/com.unity.ugui/Runtime/UI/Core/Layout/CanvasScaler.cs","contentHash":"7bcb35908a60cac26edee0ff51816ada"},{"path":"Packages/com.unity.ugui/Runtime/UI/Core/Dropdown.cs","contentHash":"74101b1189e7f911aef3b5ca95b2db19"},{"path":"Packages/com.unity.test-framework/UnityEngine.TestRunner/NUnitExtensions/Commands/OuterUnityTestActionCommand.cs","contentHash":"00000000000000000000000000000000"},{"path":"Packages/com.unity.2d.animation/Runtime/SpriteSkinComposite.cs","contentHash":"00000000000000000000000000000000"},{"path":"Packages/com.unity.test-framework/UnityEngine.TestRunner/TestRunner/PlaymodeTestsController.cs","contentHash":"baf218a9799098962f3ddb5d79364282"},{"path":"Packages/com.unity.test-framework/UnityEngine.TestRunner/NUnitExtensions/Runner/CompositeWorkItem.cs","contentHash":"00000000000000000000000000000000"},{"path":"Assets/Scripts/EntityMovement.cs","contentHash":"def96833e192d761b62a485d4ec1a586"},{"path":"Packages/com.unity.textmeshpro/Scripts/Runtime/MaterialReferenceManager.cs","contentHash":"00000000000000000000000000000000"},{"path":"Packages/com.unity.test-framework/UnityEngine.TestRunner/Utils/AssemblyProvider/IAssemblyLoadProxy.cs","contentHash":"00000000000000000000000000000000"},{"path":"Packages/com.unity.ugui/Runtime/UI/Core/RawImage.cs","contentHash":"b8c62e6fbbd49b0adf47ca1dfd4b7754"},{"path":"Packages/com.unity.2d.tilemap.extras/Runtime/Tiles/AnimatedTile/AnimatedTile.cs","contentHash":"9b830c3d6291327a48bb6a787b62e144"},{"path":"Packages/com.unity.ugui/Runtime/UI/Core/FontData.cs","contentHash":"00000000000000000000000000000000"},{"path":"Packages/com.unity.ugui/Runtime/EventSystem/InputModules/BaseInput.cs","contentHash":"f87a82bdc1582c5f70b70ca85233d7f2"},{"path":"Packages/com.unity.test-framework/UnityEngine.TestRunner/Utils/MonoBehaviourTest/MonoBehaviourTest.cs","contentHash":"00000000000000000000000000000000"},{"path":"Packages/com.unity.burst/Runtime/CompilerServices/AssumeRangeAttribute.cs","contentHash":"00000000000000000000000000000000"},{"path":"Packages/com.unity.mathematics/Unity.Mathematics/uint4x4.gen.cs","contentHash":"00000000000000000000000000000000"},{"path":"Packages/com.unity.test-framework/UnityEngine.TestRunner/NUnitExtensions/Commands/EnumerableTestMethodCommand.cs","contentHash":"00000000000000000000000000000000"},{"path":"Packages/com.unity.ugui/Runtime/UI/Core/ScrollRect.cs","contentHash":"a1926869a1b71ceb204692733af622c6"},{"path":"Packages/com.unity.2d.animation/Runtime/NativeArrayHelper.cs","contentHash":"00000000000000000000000000000000"},{"path":"Packages/com.unity.textmeshpro/Scripts/Runtime/AssemblyInfo.cs","contentHash":"00000000000000000000000000000000"},{"path":"Packages/com.unity.test-framework/UnityEngine.TestRunner/Utils/AssemblyProvider/IAssemblyWrapper.cs","contentHash":"00000000000000000000000000000000"},{"path":"Packages/com.unity.2d.animation/Runtime/SpriteLib/SpriteLibraryData.cs","contentHash":"00000000000000000000000000000000"},{"path":"Packages/com.unity.ugui/Runtime/EventSystem/InputModules/BaseInputModule.cs","contentHash":"00000000000000000000000000000000"},{"path":"Packages/com.unity.burst/Runtime/BurstCompiler.cs","contentHash":"00000000000000000000000000000000"},{"path":"Packages/com.unity.textmeshpro/Scripts/Runtime/TMP_SpriteCharacter.cs","contentHash":"00000000000000000000000000000000"},{"path":"Packages/com.unity.test-framework/UnityEngine.TestRunner/TestRunner/Callbacks/RemoteTestResultSender.cs","contentHash":"03537dd42b6fc73a601799c77ceb0b9c"},{"path":"Packages/com.unity.textmeshpro/Scripts/Runtime/TMP_TextProcessingStack.cs","contentHash":"00000000000000000000000000000000"},{"path":"Packages/com.unity.ugui/Runtime/UI/Core/MaterialModifiers/IMaterialModifier.cs","contentHash":"00000000000000000000000000000000"},{"path":"Packages/com.unity.textmeshpro/Scripts/Runtime/TMP_Compatibility.cs","contentHash":"00000000000000000000000000000000"},{"path":"Packages/com.unity.mathematics/Unity.Mathematics/int3x3.gen.cs","contentHash":"00000000000000000000000000000000"},{"path":"Packages/com.unity.mathematics/Unity.Mathematics/bool3x2.gen.cs","contentHash":"00000000000000000000000000000000"},{"path":"Packages/com.unity.2d.animation/IK/Runtime/Solvers/Limb.cs","contentHash":"00000000000000000000000000000000"},{"path":"Packages/com.unity.ugui/Runtime/EventSystem/EventInterfaces.cs","contentHash":"00000000000000000000000000000000"},{"path":"Packages/com.unity.test-framework/UnityEngine.TestRunner/Utils/CoroutineRunner.cs","contentHash":"00000000000000000000000000000000"},{"path":"Packages/com.unity.burst/Runtime/Editor/BurstAssemblyDisable.cs","contentHash":"00000000000000000000000000000000"},{"path":"Packages/com.unity.ugui/Runtime/UI/Core/SpriteState.cs","contentHash":"00000000000000000000000000000000"},{"path":"Packages/com.unity.ugui/Runtime/EventSystem/RaycasterManager.cs","contentHash":"00000000000000000000000000000000"},{"path":"Packages/com.unity.test-framework/UnityEngine.TestRunner/NUnitExtensions/Runner/RestoreTestContextAfterDomainReload.cs","contentHash":"00000000000000000000000000000000"},{"path":"Packages/com.unity.burst/Runtime/BurstRuntime.cs","contentHash":"00000000000000000000000000000000"},{"path":"Packages/com.unity.textmeshpro/Scripts/Runtime/TMP_Settings.cs","contentHash":"9b20bb37fe547a38e67e865c7074ed8f"},{"path":"Packages/com.unity.mathematics/Unity.Mathematics/double4x2.gen.cs","contentHash":"00000000000000000000000000000000"},{"path":"Packages/com.unity.test-framework/UnityEngine.TestRunner/TestRunner/PlaymodeTestsControllerSettings.cs","contentHash":"00000000000000000000000000000000"},{"path":"Packages/com.unity.textmeshpro/Scripts/Runtime/TMP_FontFeaturesCommon.cs","contentHash":"00000000000000000000000000000000"},{"path":"Packages/com.unity.mathematics/Unity.Mathematics/Noise/classicnoise4D.cs","contentHash":"00000000000000000000000000000000"},{"path":"Packages/com.unity.textmeshpro/Scripts/Runtime/TMP_ListPool.cs","contentHash":"00000000000000000000000000000000"},{"path":"Assets/Scripts/enemy2pcg.cs","contentHash":"62ec5785c2f0bea59ada884b877c1c97"},{"path":"Packages/com.unity.mathematics/Unity.Mathematics/int2.gen.cs","contentHash":"00000000000000000000000000000000"},{"path":"Packages/com.unity.mathematics/Unity.Mathematics/float4x2.gen.cs","contentHash":"00000000000000000000000000000000"},{"path":"Packages/com.unity.ugui/Runtime/UI/Core/Scrollbar.cs","contentHash":"a273edb1f10a7eafb870721bc4bddaca"},{"path":"Packages/com.unity.ugui/Runtime/EventSystem/InputModules/TouchInputModule.cs","contentHash":"829a3f3825b2b9d72365ef92d8177711"},{"path":"Packages/com.unity.burst/Runtime/CompilerServices/SPMD.cs","contentHash":"00000000000000000000000000000000"},{"path":"Packages/com.unity.textmeshpro/Scripts/Runtime/TMP_InputField.cs","contentHash":"e688ed407bbfb11c21058187316ed44e"},{"path":"Packages/com.unity.mathematics/Unity.Mathematics/bool2x3.gen.cs","contentHash":"00000000000000000000000000000000"},{"path":"Packages/com.unity.2d.animation/IK/Runtime/AssemblyInfo.cs","contentHash":"00000000000000000000000000000000"},{"path":"Packages/com.unity.test-framework/UnityEngine.TestRunner/NUnitExtensions/Commands/TestActionCommand.cs","contentHash":"00000000000000000000000000000000"},{"path":"Packages/com.unity.test-framework/UnityEngine.TestRunner/Utils/AssemblyProvider/AssemblyWrapper.cs","contentHash":"00000000000000000000000000000000"},{"path":"Packages/com.unity.burst/Runtime/NoAliasAttribute.cs","contentHash":"00000000000000000000000000000000"},{"path":"Packages/com.unity.ugui/Runtime/UI/Core/ToggleGroup.cs","contentHash":"4a3351e209ecf0eff6ab268e49d7f341"},{"path":"Packages/com.unity.test-framework/UnityEngine.TestRunner/Assertions/OutOfOrderExpectedLogMessageException.cs","contentHash":"00000000000000000000000000000000"},{"path":"Packages/com.unity.ugui/Runtime/UI/Core/Layout/HorizontalLayoutGroup.cs","contentHash":"2380288dfe403a7f4b2182b575687cb8"},{"path":"Packages/com.unity.textmeshpro/Scripts/Runtime/TMPro_UGUI_Private.cs","contentHash":"00000000000000000000000000000000"},{"path":"Packages/com.unity.ugui/Runtime/UI/Core/Layout/LayoutElement.cs","contentHash":"da05abcc878171591b25804eef377360"},{"path":"Packages/com.unity.2d.animation/IK/Runtime/LimbSolver2D.cs","contentHash":"364fbae09733aaee80341df8f14ab77b"},{"path":"Packages/com.unity.textmeshpro/Scripts/Runtime/TMP_Style.cs","contentHash":"00000000000000000000000000000000"},{"path":"Packages/com.unity.ugui/Runtime/UI/Core/Mask.cs","contentHash":"2bd783b5b85429caff317fd8ece19300"},{"path":"Packages/com.unity.burst/Runtime/CompilerServices/Loop.cs","contentHash":"00000000000000000000000000000000"},{"path":"Packages/com.unity.textmeshpro/Scripts/Runtime/TMP_DefaultControls.cs","contentHash":"00000000000000000000000000000000"},{"path":"Packages/com.unity.ugui/Runtime/UI/Core/Layout/ContentSizeFitter.cs","contentHash":"68587ea39bb503ea8d65053e93c31d06"},{"path":"Packages/com.unity.burst/Runtime/Intrinsics/Arm/NEON_AArch64_fp16.cs","contentHash":"00000000000000000000000000000000"},{"path":"Packages/com.unity.textmeshpro/Scripts/Runtime/TextContainer.cs","contentHash":"33351225ad07d388c6f33d76ccfe9ba6"},{"path":"Packages/com.unity.test-framework/UnityEngine.TestRunner/Utils/Vector4EqualityComparer.cs","contentHash":"00000000000000000000000000000000"},{"path":"Packages/com.unity.ugui/Runtime/UI/Core/RectMask2D.cs","contentHash":"03116c959005bf565efe4a31f8be265e"},{"path":"Packages/com.unity.test-framework/UnityEngine.TestRunner/NUnitExtensions/Commands/TestCommandPcHelper.cs","contentHash":"00000000000000000000000000000000"},{"path":"Packages/com.unity.burst/Runtime/Intrinsics/x86/Sse4_2.cs","contentHash":"00000000000000000000000000000000"},{"path":"Packages/com.unity.mathematics/Unity.Mathematics/int2x3.gen.cs","contentHash":"00000000000000000000000000000000"},{"path":"Packages/com.unity.textmeshpro/Scripts/Runtime/TMP_ScrollbarEventHandler.cs","contentHash":"cd5e4b671a6f3e47fe319d5913a5513e"},{"path":"Packages/com.unity.test-framework/UnityEngine.TestRunner/Assertions/LogScope/ILogScope.cs","contentHash":"00000000000000000000000000000000"},{"path":"Packages/com.unity.ugui/Runtime/EventSystem/RaycastResult.cs","contentHash":"00000000000000000000000000000000"},{"path":"Packages/com.unity.test-framework/UnityEngine.TestRunner/NUnitExtensions/Commands/EnumerableTestState.cs","contentHash":"00000000000000000000000000000000"},{"path":"Packages/com.unity.ugui/Runtime/UI/Core/Layout/ILayoutElement.cs","contentHash":"00000000000000000000000000000000"},{"path":"Packages/com.unity.2d.common/Runtime/UTess2D/Smoothen.cs","contentHash":"00000000000000000000000000000000"},{"path":"Packages/com.unity.2d.animation/IK/Runtime/Solver2DMenuAttribute.cs","contentHash":"00000000000000000000000000000000"},{"path":"Packages/com.unity.ugui/Runtime/UI/Core/Culling/IClipRegion.cs","contentHash":"00000000000000000000000000000000"},{"path":"Packages/com.unity.test-framework/UnityEngine.TestRunner/NUnitExtensions/BaseDelegator.cs","contentHash":"00000000000000000000000000000000"},{"path":"Packages/com.unity.test-framework/UnityEngine.TestRunner/NUnitExtensions/Attributes/TestMustExpectAllLogsAttribute.cs","contentHash":"00000000000000000000000000000000"},{"path":"Packages/com.unity.test-framework/UnityEngine.TestRunner/Utils/ITestRunCallback.cs","contentHash":"00000000000000000000000000000000"},{"path":"Packages/com.unity.ugui/Runtime/UI/Core/FontUpdateTracker.cs","contentHash":"00000000000000000000000000000000"},{"path":"Packages/com.unity.mathematics/Unity.Mathematics/float3x3.gen.cs","contentHash":"00000000000000000000000000000000"},{"path":"Packages/com.unity.test-framework/UnityEngine.TestRunner/Utils/QuaternionEqualityComparer.cs","contentHash":"00000000000000000000000000000000"},{"path":"Packages/com.unity.test-framework/UnityEngine.TestRunner/NUnitExtensions/Commands/EnumerableApplyChangesToContextCommand.cs","contentHash":"00000000000000000000000000000000"},{"path":"Packages/com.unity.textmeshpro/Scripts/Runtime/TMP_Asset.cs","contentHash":"00000000000000000000000000000000"},{"path":"Packages/com.unity.mathematics/Unity.Mathematics/Il2CppEagerStaticClassConstructionAttribute.cs","contentHash":"00000000000000000000000000000000"},{"path":"Packages/com.unity.test-framework/UnityEngine.TestRunner/TestRunner/Callbacks/PlayModeRunnerCallback.cs","contentHash":"f9786a3dca6228a6818ec4a0134d9212"},{"path":"Packages/com.unity.2d.spriteshape/Runtime/External/LibTessDotNet/Mesh.cs","contentHash":"00000000000000000000000000000000"},{"path":"Packages/com.unity.mathematics/Unity.Mathematics/double2x4.gen.cs","contentHash":"00000000000000000000000000000000"},{"path":"Packages/com.unity.2d.common/Runtime/UTess2D/Array.cs","contentHash":"00000000000000000000000000000000"},{"path":"Packages/com.unity.2d.pixel-perfect/Runtime/CinemachinePixelPerfect.cs","contentHash":"3f643df48c636410e01fd098b89e8cba"},{"path":"Packages/com.unity.mathematics/Unity.Mathematics/uint3.gen.cs","contentHash":"00000000000000000000000000000000"},{"path":"Packages/com.unity.ugui/Runtime/EventSystem/EventTriggerType.cs","contentHash":"00000000000000000000000000000000"},{"path":"Packages/com.unity.mathematics/Unity.Mathematics/double2x2.gen.cs","contentHash":"00000000000000000000000000000000"},{"path":"Assets/Scripts/GameManager.cs","contentHash":"a2c8f2e1f1664bafad64d46702320fc4"},{"path":"Packages/com.unity.2d.animation/IK/Runtime/IKChain2D.cs","contentHash":"00000000000000000000000000000000"},{"path":"Packages/com.unity.mathematics/Unity.Mathematics/double3x4.gen.cs","contentHash":"00000000000000000000000000000000"},{"path":"Packages/com.unity.test-framework/UnityEngine.TestRunner/TestRunner/RemoteHelpers/PlayerConnectionMessageIds.cs","contentHash":"00000000000000000000000000000000"},{"path":"Packages/com.unity.burst/Runtime/CompilerServices/Constant.cs","contentHash":"00000000000000000000000000000000"},{"path":"Packages/com.unity.ugui/Runtime/EventSystem/Raycasters/BaseRaycaster.cs","contentHash":"00000000000000000000000000000000"},{"path":"Packages/com.unity.2d.spriteshape/Runtime/Spline.cs","contentHash":"00000000000000000000000000000000"},{"path":"Packages/com.unity.mathematics/Unity.Mathematics/float2.gen.cs","contentHash":"00000000000000000000000000000000"},{"path":"Packages/com.unity.test-framework/UnityEngine.TestRunner/Utils/AssemblyProvider/PlayerTestAssemblyProvider.cs","contentHash":"00000000000000000000000000000000"},{"path":"Packages/com.unity.test-framework/UnityEngine.TestRunner/Utils/Vector4ComparerWithEqualsOperator.cs","contentHash":"00000000000000000000000000000000"},{"path":"Packages/com.unity.ugui/Runtime/UI/Core/GraphicRebuildTracker.cs","contentHash":"00000000000000000000000000000000"},{"path":"Assets/Scripts/BricksPCG.cs","contentHash":"b40f7a9a4a44d1360fcc4b2e12d5ae2e"},{"path":"Packages/com.unity.burst/Runtime/BurstString.Float.cs","contentHash":"00000000000000000000000000000000"},{"path":"Packages/com.unity.mathematics/Unity.Mathematics/Noise/noise3D.cs","contentHash":"00000000000000000000000000000000"},{"path":"Packages/com.unity.mathematics/Unity.Mathematics/bool2x2.gen.cs","contentHash":"00000000000000000000000000000000"},{"path":"Packages/com.unity.test-framework/UnityEngine.TestRunner/TestRunner/RemoteHelpers/RemoteTestResultDataWithTestData.cs","contentHash":"00000000000000000000000000000000"},{"path":"Packages/com.unity.2d.animation/Runtime/BufferManager.cs","contentHash":"d9a2209cf09f728dde15f4d07706d6ed"},{"path":"Packages/com.unity.test-framework/UnityEngine.TestRunner/NUnitExtensions/Runner/UnityLogCheckDelegatingCommand.cs","contentHash":"00000000000000000000000000000000"},{"path":"Packages/com.unity.textmeshpro/Scripts/Runtime/TMP_ResourcesManager.cs","contentHash":"00000000000000000000000000000000"},{"path":"Packages/com.unity.burst/Runtime/Intrinsics/SimdDebugViews.cs","contentHash":"00000000000000000000000000000000"},{"path":"Packages/com.unity.textmeshpro/Scripts/Runtime/TMP_Character.cs","contentHash":"00000000000000000000000000000000"},{"path":"Packages/com.unity.textmeshpro/Scripts/Runtime/TMP_TextInfo.cs","contentHash":"00000000000000000000000000000000"},{"path":"Packages/com.unity.test-framework/UnityEngine.TestRunner/Assertions/LogScope/LogScope.cs","contentHash":"00000000000000000000000000000000"},{"path":"Packages/com.unity.test-framework/UnityEngine.TestRunner/Utils/Vector3EqualityComparer.cs","contentHash":"00000000000000000000000000000000"},{"path":"Packages/com.unity.test-framework/UnityEngine.TestRunner/NUnitExtensions/ITestSuiteModifier.cs","contentHash":"00000000000000000000000000000000"},{"path":"Packages/com.unity.2d.tilemap.extras/Runtime/Tiles/RuleOverrideTile/RuleOverrideTile.cs","contentHash":"b4f7eae9ef53065dabc6b4145a6857f2"},{"path":"Packages/com.unity.mathematics/Unity.Mathematics/Noise/cellular2x2x2.cs","contentHash":"00000000000000000000000000000000"},{"path":"Packages/com.unity.ugui/Runtime/EventSystem/MoveDirection.cs","contentHash":"00000000000000000000000000000000"},{"path":"Packages/com.unity.mathematics/Unity.Mathematics/int4x4.gen.cs","contentHash":"00000000000000000000000000000000"},{"path":"Packages/com.unity.burst/Runtime/Intrinsics/x86/Fma.cs","contentHash":"00000000000000000000000000000000"},{"path":"Packages/com.unity.ugui/Runtime/UI/Core/Button.cs","contentHash":"8165edc0ea71078aadd02b6c3ce945a1"},{"path":"Packages/com.unity.textmeshpro/Scripts/Runtime/TMP_TextUtilities.cs","contentHash":"00000000000000000000000000000000"},{"path":"Packages/com.unity.ugui/Runtime/EventSystem/InputModules/StandaloneInputModule.cs","contentHash":"9690f760294698c29b1bee7d9b7bd452"},{"path":"Packages/com.unity.test-framework/UnityEngine.TestRunner/NUnitExtensions/ActionDelegator.cs","contentHash":"00000000000000000000000000000000"},{"path":"Packages/com.unity.mathematics/Unity.Mathematics/Properties/AssemblyInfo.cs","contentHash":"00000000000000000000000000000000"},{"path":"Packages/com.unity.textmeshpro/Scripts/Runtime/TMP_Text.cs","contentHash":"00000000000000000000000000000000"},{"path":"Packages/com.unity.mathematics/Unity.Mathematics/float4x4.gen.cs","contentHash":"00000000000000000000000000000000"},{"path":"Packages/com.unity.textmeshpro/Scripts/Runtime/TMP_TextElement.cs","contentHash":"00000000000000000000000000000000"},{"path":"Packages/com.unity.test-framework/UnityEngine.TestRunner/NUnitExtensions/Attributes/UnityPlatformAttribute.cs","contentHash":"00000000000000000000000000000000"},{"path":"Packages/com.unity.textmeshpro/Scripts/Runtime/TMP_ColorGradient.cs","contentHash":"21f4f1fec12583058b4c5843abeefdbb"},{"path":"Packages/com.unity.2d.tilemap.extras/Runtime/Tiles/HexagonalRuleTile/HexagonalRuleTile.cs","contentHash":"0bb2eb11b9be4e7feeb83ddb78bc6747"},{"path":"Packages/com.unity.ugui/Runtime/EventSystem/Raycasters/Physics2DRaycaster.cs","contentHash":"466329aa1430edd5d9cc35262ee17096"},{"path":"Packages/com.unity.burst/Runtime/CompilerServices/Aliasing.cs","contentHash":"00000000000000000000000000000000"},{"path":"Packages/com.unity.2d.animation/Runtime/SpriteSkin.cs","contentHash":"cb2458345f61b3546e8f69fdab09b729"},{"path":"Packages/com.unity.test-framework/UnityEngine.TestRunner/Utils/Vector2EqualityComparer.cs","contentHash":"00000000000000000000000000000000"},{"path":"Packages/com.unity.ugui/Runtime/UI/Core/Layout/VerticalLayoutGroup.cs","contentHash":"60848472e362199ae5eac55c8892dcbe"},{"path":"Packages/com.unity.test-framework/UnityEngine.TestRunner/NUnitExtensions/Runner/UnityTestExecutionContext.cs","contentHash":"00000000000000000000000000000000"},{"path":"Packages/com.unity.burst/Runtime/Intrinsics/Common.cs","contentHash":"00000000000000000000000000000000"},{"path":"Packages/com.unity.burst/Runtime/CompilerServices/SkipLocalsInitAttribute.cs","contentHash":"00000000000000000000000000000000"},{"path":"Packages/com.unity.test-framework/UnityEngine.TestRunner/Assertions/UnexpectedLogMessageException.cs","contentHash":"00000000000000000000000000000000"},{"path":"Packages/com.unity.test-framework/UnityEngine.TestRunner/NUnitExtensions/Runner/UnityWorkItemDataHolder.cs","contentHash":"00000000000000000000000000000000"},{"path":"Packages/com.unity.textmeshpro/Scripts/Runtime/TMP_SpriteGlyph.cs","contentHash":"00000000000000000000000000000000"},{"path":"Packages/com.unity.mathematics/Unity.Mathematics/uint2x3.gen.cs","contentHash":"00000000000000000000000000000000"},{"path":"Packages/com.unity.test-framework/UnityEngine.TestRunner/Utils/Vector3ComparerWithEqualsOperator.cs","contentHash":"00000000000000000000000000000000"},{"path":"Packages/com.unity.2d.animation/Runtime/SpriteLib/SpriteLibraryAsset.cs","contentHash":"c62b899b9a1f32ac313da93fc7c92a5f"},{"path":"Packages/com.unity.mathematics/Unity.Mathematics/double2x3.gen.cs","contentHash":"00000000000000000000000000000000"},{"path":"Packages/com.unity.test-framework/UnityEngine.TestRunner/NUnitExtensions/Runner/WorkItemFactory.cs","contentHash":"00000000000000000000000000000000"},{"path":"Assets/Scripts/Extensions.cs","contentHash":"00000000000000000000000000000000"},{"path":"Assets/Scripts/HardBlock.cs","contentHash":"1c3eb6cf973980573000568614023537"},{"path":"Packages/com.unity.2d.tilemap.extras/Runtime/Tiles/IsometricRuleTile/IsometricRuleTile.cs","contentHash":"8804add77dfa7a1bc3c3e86456b40bfc"},{"path":"Packages/com.unity.textmeshpro/Scripts/Runtime/TMP_FontFeatureTable.cs","contentHash":"00000000000000000000000000000000"},{"path":"Packages/com.unity.test-framework/UnityEngine.TestRunner/TestRunner/Callbacks/TestResultRenderer.cs","contentHash":"00000000000000000000000000000000"},{"path":"Packages/com.unity.ugui/Runtime/UI/Core/MultipleDisplayUtilities.cs","contentHash":"00000000000000000000000000000000"},{"path":"Packages/com.unity.ugui/Runtime/UI/Core/Text.cs","contentHash":"8e0c8b499f64b686c0ec50f43e94d3af"},{"path":"Packages/com.unity.test-framework/UnityEngine.TestRunner/NUnitExtensions/IStateSerializer.cs","contentHash":"00000000000000000000000000000000"},{"path":"Packages/com.unity.test-framework/UnityEngine.TestRunner/NUnitExtensions/Attributes/UnityTearDownAttribute.cs","contentHash":"00000000000000000000000000000000"},{"path":"Packages/com.unity.ugui/Runtime/UI/Core/IMaskable.cs","contentHash":"00000000000000000000000000000000"},{"path":"Packages/com.unity.mathematics/Unity.Mathematics/PropertyAttributes.cs","contentHash":"00000000000000000000000000000000"},{"path":"Packages/com.unity.ugui/Runtime/UI/Core/Navigation.cs","contentHash":"00000000000000000000000000000000"},{"path":"Packages/com.unity.test-framework/UnityEngine.TestRunner/Utils/PostBuildCleanupAttribute.cs","contentHash":"00000000000000000000000000000000"},{"path":"Packages/com.unity.ugui/Runtime/EventSystem/ExecuteEvents.cs","contentHash":"00000000000000000000000000000000"},{"path":"Packages/com.unity.mathematics/Unity.Mathematics/int4x3.gen.cs","contentHash":"00000000000000000000000000000000"},{"path":"Packages/com.unity.textmeshpro/Scripts/Runtime/TMP_SpriteAnimator.cs","contentHash":"bcb9b7a93c09c207eb313c02affe0d60"},{"path":"Packages/com.unity.mathematics/Unity.Mathematics/bool4.gen.cs","contentHash":"00000000000000000000000000000000"},{"path":"Packages/com.unity.2d.spriteshape/Runtime/External/LibTessDotNet/Sweep.cs","contentHash":"00000000000000000000000000000000"},{"path":"Packages/com.unity.test-framework/UnityEngine.TestRunner/Utils/Vector2ComparerWithEqualsOperator.cs","contentHash":"00000000000000000000000000000000"},{"path":"Packages/com.unity.textmeshpro/Scripts/Runtime/TMP_CoroutineTween.cs","contentHash":"00000000000000000000000000000000"},{"path":"Packages/com.unity.test-framework/UnityEngine.TestRunner/NUnitExtensions/TestResultExtensions.cs","contentHash":"00000000000000000000000000000000"},{"path":"Packages/com.unity.burst/Runtime/Editor/BurstReflection.cs","contentHash":"00000000000000000000000000000000"},{"path":"Assets/Scripts/GroundPCG.cs","contentHash":"222743e451954bedc538c0848e58f604"},{"path":"Packages/com.unity.mathematics/Unity.Mathematics/double4x3.gen.cs","contentHash":"00000000000000000000000000000000"},{"path":"Packages/com.unity.ugui/Runtime/UI/Core/Slider.cs","contentHash":"b46a27dc8fe542927657974694fc29aa"},{"path":"Packages/com.unity.ugui/Runtime/UI/Core/Culling/Clipping.cs","contentHash":"00000000000000000000000000000000"},{"path":"Packages/com.unity.mathematics/Unity.Mathematics/int3x4.gen.cs","contentHash":"00000000000000000000000000000000"},{"path":"Packages/com.unity.mathematics/Unity.Mathematics/Noise/noise3Dgrad.cs","contentHash":"00000000000000000000000000000000"},{"path":"Packages/com.unity.test-framework/UnityEngine.TestRunner/Assertions/ConstraintsExtensions.cs","contentHash":"00000000000000000000000000000000"},{"path":"Packages/com.unity.test-framework/UnityEngine.TestRunner/NUnitExtensions/Runner/FailCommand.cs","contentHash":"00000000000000000000000000000000"},{"path":"Packages/com.unity.test-framework/UnityEngine.TestRunner/Utils/TestRunCallbackListener.cs","contentHash":"84c295144a2fce36bf4afcb7fb81265f"},{"path":"Packages/com.unity.textmeshpro/Scripts/Runtime/TMP_UpdateManager.cs","contentHash":"00000000000000000000000000000000"},{"path":"Packages/com.unity.ugui/Runtime/UI/Core/StencilMaterial.cs","contentHash":"00000000000000000000000000000000"},{"path":"Packages/com.unity.ugui/Runtime/UI/Core/GraphicRegistry.cs","contentHash":"00000000000000000000000000000000"},{"path":"Packages/com.unity.2d.pixel-perfect/Runtime/PixelPerfectCamera.cs","contentHash":"8681f81df656c975bf3d3a2f202e8352"},{"path":"Packages/com.unity.test-framework/UnityEngine.TestRunner/NUnitExtensions/OrderedTestSuiteModifier.cs","contentHash":"00000000000000000000000000000000"},{"path":"Packages/com.unity.mathematics/Unity.Mathematics/uint2x4.gen.cs","contentHash":"00000000000000000000000000000000"},{"path":"Packages/com.unity.textmeshpro/Scripts/Runtime/TMP_TextParsingUtilities.cs","contentHash":"00000000000000000000000000000000"},{"path":"Packages/com.unity.textmeshpro/Scripts/Runtime/TMP_EditorResourceManager.cs","contentHash":"00000000000000000000000000000000"},{"path":"Packages/com.unity.2d.animation/IK/Runtime/Solvers/FABRIK2D.cs","contentHash":"00000000000000000000000000000000"},{"path":"Packages/com.unity.mathematics/Unity.Mathematics/Noise/cellular3D.cs","contentHash":"00000000000000000000000000000000"},{"path":"Packages/com.unity.test-framework/UnityEngine.TestRunner/Assertions/Is.cs","contentHash":"00000000000000000000000000000000"},{"path":"Packages/com.unity.textmeshpro/Scripts/Runtime/TMP_MaterialManager.cs","contentHash":"00000000000000000000000000000000"},{"path":"Packages/com.unity.burst/Runtime/DiagnosticId.cs","contentHash":"00000000000000000000000000000000"},{"path":"Packages/com.unity.mathematics/Unity.Mathematics/int3x2.gen.cs","contentHash":"00000000000000000000000000000000"},{"path":"Packages/com.unity.test-framework/UnityEngine.TestRunner/NUnitExtensions/Commands/EnumerableRetryTestCommand.cs","contentHash":"00000000000000000000000000000000"},{"path":"Packages/com.unity.mathematics/Unity.Mathematics/float3.gen.cs","contentHash":"00000000000000000000000000000000"},{"path":"Packages/com.unity.mathematics/Unity.Mathematics/float2x4.gen.cs","contentHash":"00000000000000000000000000000000"},{"path":"Packages/com.unity.ugui/Runtime/UI/Core/VertexModifiers/BaseMeshEffect.cs","contentHash":"00000000000000000000000000000000"},{"path":"Packages/com.unity.textmeshpro/Scripts/Runtime/TMP_FontAsset.cs","contentHash":"e78f6985cfa9077afa7bb6c3ee81529f"},{"path":"Packages/com.unity.2d.animation/Runtime/SpriteSkinUtility.cs","contentHash":"00000000000000000000000000000000"},{"path":"Assets/Scripts/Koopa.cs","contentHash":"ed53f989e58f8f37c91e1de53060c40f"},{"path":"Packages/com.unity.burst/Runtime/SafeStringArrayHelper.cs","contentHash":"00000000000000000000000000000000"},{"path":"Packages/com.unity.burst/Runtime/BurstString.cs","contentHash":"00000000000000000000000000000000"},{"path":"Packages/com.unity.test-framework/UnityEngine.TestRunner/TestRunner/TestListenerWrapper.cs","contentHash":"00000000000000000000000000000000"},{"path":"Packages/com.unity.test-framework/UnityEngine.TestRunner/TestRunner/TestPlatform.cs","contentHash":"00000000000000000000000000000000"},{"path":"Packages/com.unity.2d.common/Runtime/InternalBridge/InternalEngineBridge.cs","contentHash":"00000000000000000000000000000000"},{"path":"Packages/com.unity.test-framework/UnityEngine.TestRunner/NUnitExtensions/Attributes/TestEnumerator.cs","contentHash":"00000000000000000000000000000000"},{"path":"Packages/com.unity.mathematics/Unity.Mathematics/bool3.gen.cs","contentHash":"00000000000000000000000000000000"},{"path":"Packages/com.unity.ugui/Runtime/EventSystem/EventData/PointerEventData.cs","contentHash":"00000000000000000000000000000000"},{"path":"Packages/com.unity.test-framework/UnityEngine.TestRunner/Utils/TestRunCallbackAttribute.cs","contentHash":"00000000000000000000000000000000"},{"path":"Packages/com.unity.ugui/Runtime/EventSystem/EventSystem.cs","contentHash":"ef2a760dc8c0bb333363120518871762"},{"path":"Packages/com.unity.textmeshpro/Scripts/Runtime/TMPro_ExtensionMethods.cs","contentHash":"00000000000000000000000000000000"},{"path":"Packages/com.unity.mathematics/Unity.Mathematics/rigid_transform.cs","contentHash":"00000000000000000000000000000000"},{"path":"Packages/com.unity.mathematics/Unity.Mathematics/uint4x2.gen.cs","contentHash":"00000000000000000000000000000000"},{"path":"Packages/com.unity.2d.spriteshape/Runtime/AssemblyInfo.cs","contentHash":"00000000000000000000000000000000"},{"path":"Packages/com.unity.2d.animation/Runtime/AssemblyInfo.cs","contentHash":"00000000000000000000000000000000"},{"path":"Packages/com.unity.mathematics/Unity.Mathematics/half2.gen.cs","contentHash":"00000000000000000000000000000000"},{"path":"Packages/com.unity.test-framework/UnityEngine.TestRunner/NUnitExtensions/Runner/UnityWorkItem.cs","contentHash":"00000000000000000000000000000000"},{"path":"Packages/com.unity.burst/Runtime/Intrinsics/x86/Sse4_1.cs","contentHash":"00000000000000000000000000000000"},{"path":"Packages/com.unity.textmeshpro/Scripts/Runtime/TMP_InputValidator.cs","contentHash":"00000000000000000000000000000000"},{"path":"Packages/com.unity.ugui/Runtime/EventSystem/UIElements/PanelRaycaster.cs","contentHash":"c1058004017c4d95e55a1c77d955e000"},{"path":"Packages/com.unity.ugui/Runtime/UI/Core/Selectable.cs","contentHash":"d5dbba1e095217e88ae7faf82e4e2dbe"},{"path":"Packages/com.unity.test-framework/UnityEngine.TestRunner/NUnitExtensions/Attributes/UnityCombinatorialStrategy.cs","contentHash":"00000000000000000000000000000000"},{"path":"Packages/com.unity.mathematics/Unity.Mathematics/uint3x2.gen.cs","contentHash":"00000000000000000000000000000000"},{"path":"Packages/com.unity.textmeshpro/Scripts/Runtime/TMP_Dropdown.cs","contentHash":"46f8815aaefa696d509049c348ad6805"},{"path":"Packages/com.unity.mathematics/Unity.Mathematics/Noise/cellular2D.cs","contentHash":"00000000000000000000000000000000"},{"path":"Packages/com.unity.ugui/Runtime/UI/Core/MaskUtilities.cs","contentHash":"00000000000000000000000000000000"},{"path":"Packages/com.unity.ugui/Runtime/UI/Animation/CoroutineTween.cs","contentHash":"00000000000000000000000000000000"},{"path":"Packages/com.unity.ugui/Runtime/Properties/AssemblyInfo.cs","contentHash":"00000000000000000000000000000000"},{"path":"Packages/com.unity.test-framework/UnityEngine.TestRunner/NUnitExtensions/Runner/PlaymodeWorkItemFactory.cs","contentHash":"00000000000000000000000000000000"},{"path":"Packages/com.unity.test-framework/UnityEngine.TestRunner/NUnitExtensions/Commands/BeforeAfterTestCommandState.cs","contentHash":"6691dd18200d133e8dbae24b6281d1cf"},{"path":"Packages/com.unity.2d.pixel-perfect/Runtime/AssemblyInfo.cs","contentHash":"00000000000000000000000000000000"},{"path":"Packages/com.unity.2d.animation/IK/Runtime/Solvers/CCD2D.cs","contentHash":"00000000000000000000000000000000"},{"path":"Packages/com.unity.2d.animation/Runtime/SpriteSkinBatch.cs","contentHash":"00000000000000000000000000000000"},{"path":"Packages/com.unity.mathematics/Unity.Mathematics/uint4x3.gen.cs","contentHash":"00000000000000000000000000000000"},{"path":"Packages/com.unity.2d.common/Runtime/UTess2D/PlanarGraph.cs","contentHash":"00000000000000000000000000000000"},{"path":"Packages/com.unity.mathematics/Unity.Mathematics/bool3x4.gen.cs","contentHash":"00000000000000000000000000000000"},{"path":"Packages/com.unity.test-framework/UnityEngine.TestRunner/TestRunner/RemoteHelpers/RemoteTestResultDataFactory.cs","contentHash":"00000000000000000000000000000000"},{"path":"Packages/com.unity.mathematics/Unity.Mathematics/int2x4.gen.cs","contentHash":"00000000000000000000000000000000"},{"path":"Packages/com.unity.ugui/Runtime/UI/Core/Misc.cs","contentHash":"00000000000000000000000000000000"},{"path":"Packages/com.unity.2d.spriteshape/Runtime/External/LibTessDotNet/Tess.cs","contentHash":"00000000000000000000000000000000"},{"path":"Packages/com.unity.ugui/Runtime/UI/Core/Layout/LayoutUtility.cs","contentHash":"00000000000000000000000000000000"},{"path":"Assets/Scripts/FlagPole.cs","contentHash":"dfcf014a9d17a5f77b9d8a66f7410128"},{"path":"Packages/com.unity.ugui/Runtime/UI/Core/ColorBlock.cs","contentHash":"00000000000000000000000000000000"},{"path":"Packages/com.unity.test-framework/UnityEngine.TestRunner/NUnitExtensions/Commands/ImmediateEnumerableCommand.cs","contentHash":"00000000000000000000000000000000"},{"path":"Packages/com.unity.burst/Runtime/SharedStatic.cs","contentHash":"00000000000000000000000000000000"},{"path":"Packages/com.unity.textmeshpro/Scripts/Runtime/TMP_SpriteAsset.cs","contentHash":"7219ebb0b4a64fd19236e423b34046f6"},{"path":"Packages/com.unity.mathematics/Unity.Mathematics/double3.gen.cs","contentHash":"00000000000000000000000000000000"},{"path":"Packages/com.unity.ugui/Runtime/UI/Core/VertexModifiers/IMeshModifier.cs","contentHash":"00000000000000000000000000000000"},{"path":"Packages/com.unity.2d.animation/IK/Runtime/IKManager2DEditorData.cs","contentHash":"00000000000000000000000000000000"},{"path":"Packages/com.unity.ugui/Runtime/UI/Core/Layout/AspectRatioFitter.cs","contentHash":"0ab78f031b53dd5d55f964f3cd1c223e"},{"path":"Assets/Scripts/enemypcg.cs","contentHash":"42c864d3fa5f4dc20960e8c0c2938726"},{"path":"Packages/com.unity.textmeshpro/Scripts/Runtime/FastAction.cs","contentHash":"00000000000000000000000000000000"},{"path":"Packages/com.unity.test-framework/UnityEngine.TestRunner/TestRunner/RemoteHelpers/IRemoteTestResultDataFactory.cs","contentHash":"00000000000000000000000000000000"},{"path":"Packages/com.unity.test-framework/UnityEngine.TestRunner/NUnitExtensions/Runner/UnityTestAssemblyRunner.cs","contentHash":"00000000000000000000000000000000"},{"path":"Packages/com.unity.textmeshpro/Scripts/Runtime/TMP_TextElement_Legacy.cs","contentHash":"00000000000000000000000000000000"},{"path":"Packages/com.unity.mathematics/Unity.Mathematics/int3.gen.cs","contentHash":"00000000000000000000000000000000"},{"path":"Packages/com.unity.mathematics/Unity.Mathematics/random.cs","contentHash":"00000000000000000000000000000000"},{"path":"Packages/com.unity.test-framework/UnityEngine.TestRunner/TestRunner/Messages/IEditModeTestYieldInstruction.cs","contentHash":"00000000000000000000000000000000"},{"path":"Packages/com.unity.ugui/Runtime/EventSystem/UIElements/PanelEventHandler.cs","contentHash":"5d2eca6f6cfbab49b6fa5ee0d302f2f0"},{"path":"Packages/com.unity.ugui/Runtime/UI/Core/Layout/GridLayoutGroup.cs","contentHash":"78fa8c70bef8c6d96ce76e6d539a1987"},{"path":"Packages/com.unity.test-framework/UnityEngine.TestRunner/NUnitExtensions/TestExtensions.cs","contentHash":"00000000000000000000000000000000"},{"path":"Packages/com.unity.mathematics/Unity.Mathematics/Noise/psrdnoise2D.cs","contentHash":"00000000000000000000000000000000"},{"path":"Packages/com.unity.burst/Runtime/Intrinsics/f16.cs","contentHash":"00000000000000000000000000000000"},{"path":"Packages/com.unity.mathematics/Unity.Mathematics/double4.gen.cs","contentHash":"00000000000000000000000000000000"},{"path":"Packages/com.unity.mathematics/Unity.Mathematics/double2.gen.cs","contentHash":"00000000000000000000000000000000"},{"path":"Packages/com.unity.burst/Runtime/Editor/BurstCompileTarget.cs","contentHash":"00000000000000000000000000000000"},{"path":"Packages/com.unity.mathematics/Unity.Mathematics/float3x4.gen.cs","contentHash":"00000000000000000000000000000000"},{"path":"Packages/com.unity.2d.spriteshape/Runtime/External/LibTessDotNet/Geom.cs","contentHash":"00000000000000000000000000000000"},{"path":"Assets/Scripts/HUDManager.cs","contentHash":"1cdea0663fa255aee55c26266ce97a09"},{"path":"Packages/com.unity.textmeshpro/Scripts/Runtime/TMPro_Private.cs","contentHash":"00000000000000000000000000000000"},{"path":"Packages/com.unity.2d.spriteshape/Runtime/SpriteShapeController.cs","contentHash":"cdcba1363ac5a467c308699188b18071"},{"path":"Packages/com.unity.mathematics/Unity.Mathematics/int4.gen.cs","contentHash":"00000000000000000000000000000000"},{"path":"Packages/com.unity.ugui/Runtime/UI/Core/Toggle.cs","contentHash":"10b44983f0a7578909bb4d68fa771902"},{"path":"Packages/com.unity.textmeshpro/Scripts/Runtime/TMP_CharacterInfo.cs","contentHash":"00000000000000000000000000000000"},{"path":"Packages/com.unity.test-framework/UnityEngine.TestRunner/NUnitExtensions/Filters/AssemblyNameFilter.cs","contentHash":"00000000000000000000000000000000"},{"path":"Packages/com.unity.ugui/Runtime/EventSystem/EventData/BaseEventData.cs","contentHash":"00000000000000000000000000000000"},{"path":"Packages/com.unity.ugui/Runtime/UI/Core/IGraphicEnabledDisabled.cs","contentHash":"00000000000000000000000000000000"},{"path":"Packages/com.unity.mathematics/Unity.Mathematics/float2x2.gen.cs","contentHash":"00000000000000000000000000000000"},{"path":"Packages/com.unity.mathematics/Unity.Mathematics/uint2x2.gen.cs","contentHash":"00000000000000000000000000000000"},{"path":"Packages/com.unity.test-framework/UnityEngine.TestRunner/Utils/Utils.cs","contentHash":"00000000000000000000000000000000"},{"path":"Packages/com.unity.textmeshpro/Scripts/Runtime/TextMeshPro.cs","contentHash":"b309f0b8b517f50a2601fbb7a2f9f705"},{"path":"Packages/com.unity.test-framework/UnityEngine.TestRunner/Assertions/InvalidSignatureException.cs","contentHash":"00000000000000000000000000000000"},{"path":"Packages/com.unity.textmeshpro/Scripts/Runtime/TMP_Sprite.cs","contentHash":"00000000000000000000000000000000"},{"path":"Packages/com.unity.textmeshpro/Scripts/Runtime/TMPro_EventManager.cs","contentHash":"00000000000000000000000000000000"},{"path":"Packages/com.unity.burst/Runtime/Intrinsics/v64.cs","contentHash":"00000000000000000000000000000000"},{"path":"Packages/com.unity.ugui/Runtime/UI/Core/MaskableGraphic.cs","contentHash":"00000000000000000000000000000000"},{"path":"Packages/com.unity.2d.spriteshape/Runtime/SplineUtility.cs","contentHash":"00000000000000000000000000000000"},{"path":"Assets/Scripts/DeathAnimation.cs","contentHash":"8e3795c7e3640d04ae88256ef47ce97d"},{"path":"Packages/com.unity.2d.animation/Runtime/SpriteLib/ISpriteLibraryCategory.cs","contentHash":"00000000000000000000000000000000"},{"path":"Packages/com.unity.test-framework/UnityEngine.TestRunner/NUnitExtensions/UnityTestAssemblyBuilder.cs","contentHash":"00000000000000000000000000000000"},{"path":"Packages/com.unity.test-framework/UnityEngine.TestRunner/Assertions/LogScope/LogMatch.cs","contentHash":"00000000000000000000000000000000"},{"path":"Packages/com.unity.2d.spriteshape/Runtime/SpriteShapeGeometryCache.cs","contentHash":"0ccf55462751edb0b6c88b337d7116c1"},{"path":"Packages/com.unity.test-framework/UnityEngine.TestRunner/TestRunner/TestEnumeratorWrapper.cs","contentHash":"00000000000000000000000000000000"},{"path":"Packages/com.unity.mathematics/Unity.Mathematics/float4.gen.cs","contentHash":"00000000000000000000000000000000"},{"path":"Packages/com.unity.2d.tilemap.extras/Runtime/Tiles/RuleTile/RuleTile.cs","contentHash":"1717b40cd671ed3db10d3f724fb3aeb3"},{"path":"Packages/com.unity.burst/Runtime/Intrinsics/x86/Sse.cs","contentHash":"00000000000000000000000000000000"},{"path":"Packages/com.unity.mathematics/Unity.Mathematics/int2x2.gen.cs","contentHash":"00000000000000000000000000000000"},{"path":"Packages/com.unity.ugui/Runtime/UI/Core/Culling/ClipperRegistry.cs","contentHash":"00000000000000000000000000000000"},{"path":"Packages/com.unity.mathematics/Unity.Mathematics/uint4.gen.cs","contentHash":"00000000000000000000000000000000"},{"path":"Packages/com.unity.2d.tilemap.extras/Runtime/Tiles/RuleOverrideTile/AdvancedRuleOverrideTile.cs","contentHash":"36aebac642126cb8023e41400bd520c9"},{"path":"Packages/com.unity.test-framework/UnityEngine.TestRunner/Utils/MonoBehaviourTest/IMonoBehaviourTest.cs","contentHash":"00000000000000000000000000000000"},{"path":"Packages/com.unity.test-framework/UnityEngine.TestRunner/TestRunner/RuntimeTestRunnerFilter.cs","contentHash":"00000000000000000000000000000000"},{"path":"Packages/com.unity.burst/Runtime/Intrinsics/Arm/NEON_AArch64.cs","contentHash":"00000000000000000000000000000000"},{"path":"Assets/Scripts/Player.cs","contentHash":"181539e9efdc81196000c737e426f28a"},{"path":"Packages/com.unity.mathematics/Unity.Mathematics/bool3x3.gen.cs","contentHash":"00000000000000000000000000000000"},{"path":"Packages/com.unity.mathematics/Unity.Mathematics/Noise/noise2D.cs","contentHash":"00000000000000000000000000000000"},{"path":"Packages/com.unity.mathematics/Unity.Mathematics/half4.gen.cs","contentHash":"00000000000000000000000000000000"},{"path":"Packages/com.unity.mathematics/Unity.Mathematics/half.cs","contentHash":"00000000000000000000000000000000"},{"path":"Packages/com.unity.mathematics/Unity.Mathematics/math.cs","contentHash":"00000000000000000000000000000000"},{"path":"Packages/com.unity.textmeshpro/Scripts/Runtime/TMP_UpdateRegistery.cs","contentHash":"00000000000000000000000000000000"},{"path":"Assets/Scripts/SideScrollingCamera.cs","contentHash":"8631cf632992a26fa98aeca3a6f22b8a"},{"path":"Packages/com.unity.ugui/Runtime/UI/Core/Layout/HorizontalOrVerticalLayoutGroup.cs","contentHash":"00000000000000000000000000000000"},{"path":"Packages/com.unity.2d.animation/Runtime/SpriteLib/SpriteLibrarySourceAsset.cs","contentHash":"f976093a31a8247c700a46c78481621b"},{"path":"Packages/com.unity.ugui/Runtime/UI/Core/Graphic.cs","contentHash":"00000000000000000000000000000000"},{"path":"Packages/com.unity.mathematics/Unity.Mathematics/quaternion.cs","contentHash":"00000000000000000000000000000000"},{"path":"Packages/com.unity.ugui/Runtime/UI/Core/SpecializedCollections/IndexedSet.cs","contentHash":"00000000000000000000000000000000"},{"path":"Packages/com.unity.test-framework/UnityEngine.TestRunner/Assertions/UnhandledLogMessageException.cs","contentHash":"00000000000000000000000000000000"},{"path":"Packages/com.unity.burst/Runtime/Intrinsics/x86/Bmi2.cs","contentHash":"00000000000000000000000000000000"},{"path":"Packages/com.unity.2d.animation/Runtime/NativeCustomSlice.cs","contentHash":"00000000000000000000000000000000"},{"path":"Packages/com.unity.textmeshpro/Scripts/Runtime/TMP_StyleSheet.cs","contentHash":"9605a0475669ece0189f675c4d408e5f"},{"path":"Packages/com.unity.mathematics/Unity.Mathematics/Noise/classicnoise3D.cs","contentHash":"00000000000000000000000000000000"},{"path":"Assets/Scripts/DeathBarrier.cs","contentHash":"b239b43ce67ab6077dc681731ba4f9e9"},{"path":"Packages/com.unity.test-framework/UnityEngine.TestRunner/Utils/IPrebuildSceneSetup.cs","contentHash":"00000000000000000000000000000000"},{"path":"Packages/com.unity.2d.spriteshape/Runtime/External/LibTessDotNet/MeshUtils.cs","contentHash":"00000000000000000000000000000000"},{"path":"Packages/com.unity.burst/Runtime/Intrinsics/Arm/NEON.cs","contentHash":"00000000000000000000000000000000"},{"path":"Packages/com.unity.burst/Runtime/Intrinsics/x86/F16C.cs","contentHash":"00000000000000000000000000000000"},{"path":"Packages/com.unity.burst/Runtime/Intrinsics/Arm/NEON_AArch64_dotprod.cs","contentHash":"00000000000000000000000000000000"},{"path":"Assets/Scripts/PlayerSpriteRenderer.cs","contentHash":"eb22bf06515e61c38ba12efe5da6f568"},{"path":"Packages/com.unity.test-framework/UnityEngine.TestRunner/Utils/AttributeHelper.cs","contentHash":"00000000000000000000000000000000"},{"path":"Packages/com.unity.burst/Runtime/Editor/BurstLoader.cs","contentHash":"00000000000000000000000000000000"},{"path":"Packages/com.unity.test-framework/UnityEngine.TestRunner/Utils/FloatEqualityComparer.cs","contentHash":"00000000000000000000000000000000"},{"path":"Packages/com.unity.2d.spriteshape/Runtime/SpriteShape.cs","contentHash":"abc4f7c833f1506a639e9bd81246176f"},{"path":"Packages/com.unity.textmeshpro/Scripts/Runtime/ITextPreProcessor.cs","contentHash":"00000000000000000000000000000000"},{"path":"Packages/com.unity.mathematics/Unity.Mathematics/Noise/noise4D.cs","contentHash":"00000000000000000000000000000000"},{"path":"Packages/com.unity.test-framework/UnityEngine.TestRunner/TestRunner/RemoteHelpers/RemoteTestData.cs","contentHash":"00000000000000000000000000000000"},{"path":"Packages/com.unity.ugui/Runtime/EventSystem/EventData/AxisEventData.cs","contentHash":"00000000000000000000000000000000"},{"path":"Packages/com.unity.mathematics/Unity.Mathematics/uint3x4.gen.cs","contentHash":"00000000000000000000000000000000"},{"path":"Packages/com.unity.test-framework/UnityEngine.TestRunner/NUnitExtensions/ConstructDelegator.cs","contentHash":"00000000000000000000000000000000"},{"path":"Packages/com.unity.textmeshpro/Scripts/Runtime/TMP_RichTextTagsCommon.cs","contentHash":"00000000000000000000000000000000"},{"path":"Packages/com.unity.test-framework/UnityEngine.TestRunner/NUnitExtensions/Runner/CoroutineTestWorkItem.cs","contentHash":"00000000000000000000000000000000"},{"path":"Packages/com.unity.burst/Runtime/CompilerServices/Hint.cs","contentHash":"00000000000000000000000000000000"},{"path":"Packages/com.unity.2d.animation/IK/Runtime/IKUtility.cs","contentHash":"00000000000000000000000000000000"},{"path":"Packages/com.unity.textmeshpro/Scripts/Runtime/TMP_LineInfo.cs","contentHash":"00000000000000000000000000000000"},{"path":"Packages/com.unity.burst/Runtime/Intrinsics/v256.cs","contentHash":"00000000000000000000000000000000"},{"path":"Packages/com.unity.mathematics/Unity.Mathematics/Geometry/Plane.cs","contentHash":"00000000000000000000000000000000"},{"path":"Assets/Scripts/Flag.cs","contentHash":"7973acbe88656530f7bf064e3bcc9db1"},{"path":"Packages/com.unity.burst/Runtime/BurstExecutionEnvironment.cs","contentHash":"00000000000000000000000000000000"},{"path":"Packages/com.unity.burst/Runtime/Intrinsics/x86/Csr.cs","contentHash":"00000000000000000000000000000000"},{"path":"Packages/com.unity.mathematics/Unity.Mathematics/float4x3.gen.cs","contentHash":"00000000000000000000000000000000"},{"path":"Packages/com.unity.test-framework/UnityEngine.TestRunner/TestRunner/SynchronousFilter.cs","contentHash":"00000000000000000000000000000000"},{"path":"Packages/com.unity.ugui/Runtime/UI/Core/SetPropertyUtility.cs","contentHash":"00000000000000000000000000000000"},{"path":"Packages/com.unity.test-framework/UnityEngine.TestRunner/Utils/IOuterUnityTestAction.cs","contentHash":"00000000000000000000000000000000"},{"path":"Packages/com.unity.burst/Runtime/Intrinsics/x86/Bmi1.cs","contentHash":"00000000000000000000000000000000"},{"path":"Packages/com.unity.burst/Runtime/Intrinsics/x86/Avx2.cs","contentHash":"00000000000000000000000000000000"},{"path":"Packages/com.unity.2d.animation/Runtime/Bone.cs","contentHash":"3970671d698211b60298fd57d2c71f9c"},{"path":"Packages/com.unity.2d.animation/Runtime/SpriteSkinUpdateHelper.cs","contentHash":"4e429b5a2f8a02065dd306b2531e9b37"},{"path":"Packages/com.unity.2d.common/Runtime/UTess2D/UTess.cs","contentHash":"00000000000000000000000000000000"},{"path":"Packages/com.unity.ugui/Runtime/UI/Core/DefaultControls.cs","contentHash":"00000000000000000000000000000000"},{"path":"Packages/com.unity.ugui/Runtime/UI/Core/CanvasUpdateRegistry.cs","contentHash":"00000000000000000000000000000000"},{"path":"Packages/com.unity.burst/Runtime/BurstCompileAttribute.cs","contentHash":"00000000000000000000000000000000"},{"path":"Packages/com.unity.mathematics/Unity.Mathematics/uint3x3.gen.cs","contentHash":"00000000000000000000000000000000"},{"path":"Packages/com.unity.2d.animation/Runtime/SpriteLib/SpriteLibrary.cs","contentHash":"17f1486d123f3fc88090f2a6c9188dd1"},{"path":"Packages/com.unity.test-framework/UnityEngine.TestRunner/NUnitExtensions/IAsyncTestAssemblyBuilder.cs","contentHash":"00000000000000000000000000000000"},{"path":"Packages/com.unity.ugui/Runtime/UI/Core/Utility/VertexHelper.cs","contentHash":"00000000000000000000000000000000"},{"path":"Packages/com.unity.ugui/Runtime/EventSystem/Raycasters/PhysicsRaycaster.cs","contentHash":"6fea02e0a8b3cb3b15440b3ff3fce29b"},{"path":"Assets/Scripts/Goomba.cs","contentHash":"aa0221f522e1e3d39fc0d26175adce2c"},{"path":"Packages/com.unity.ugui/Runtime/UI/Core/Culling/RectangularVertexClipper.cs","contentHash":"00000000000000000000000000000000"},{"path":"Packages/com.unity.ugui/Runtime/UI/Core/AnimationTriggers.cs","contentHash":"00000000000000000000000000000000"},{"path":"Packages/com.unity.test-framework/UnityEngine.TestRunner/NUnitExtensions/Runner/DefaultTestWorkItem.cs","contentHash":"00000000000000000000000000000000"},{"path":"Packages/com.unity.test-framework/UnityEngine.TestRunner/NUnitExtensions/Attributes/ConditionalIgnoreAttribute.cs","contentHash":"00000000000000000000000000000000"},{"path":"Assets/Scripts/PlayerMovement.cs","contentHash":"3ff6f24afa07e105aa8d41d0ac2d2549"},{"path":"Packages/com.unity.2d.spriteshape/Runtime/SpriteShapeGenerator.cs","contentHash":"00000000000000000000000000000000"},{"path":"Packages/com.unity.test-framework/UnityEngine.TestRunner/Assertions/LogAssert.cs","contentHash":"00000000000000000000000000000000"},{"path":"Packages/com.unity.mathematics/Unity.Mathematics/int4x2.gen.cs","contentHash":"00000000000000000000000000000000"},{"path":"Packages/com.unity.textmeshpro/Scripts/Runtime/TMP_SelectionCaret.cs","contentHash":"9e8898d1705d409ec4c988108072c8af"},{"path":"Packages/com.unity.2d.common/Runtime/AssemblyInfo.cs","contentHash":"00000000000000000000000000000000"},{"path":"Packages/com.unity.ugui/Runtime/UI/Core/Layout/LayoutGroup.cs","contentHash":"00000000000000000000000000000000"},{"path":"Packages/com.unity.ugui/Runtime/EventSystem/InputModules/PointerInputModule.cs","contentHash":"00000000000000000000000000000000"},{"path":"Packages/com.unity.test-framework/UnityEngine.TestRunner/NUnitExtensions/Commands/BeforeAfterTestCommandBase.cs","contentHash":"00000000000000000000000000000000"},{"path":"Packages/com.unity.test-framework/UnityEngine.TestRunner/AssemblyInfo.cs","contentHash":"00000000000000000000000000000000"},{"path":"Packages/com.unity.test-framework/UnityEngine.TestRunner/NUnitExtensions/Attributes/UnitySetUpAttribute.cs","contentHash":"00000000000000000000000000000000"},{"path":"Packages/com.unity.mathematics/Unity.Mathematics/uint2.gen.cs","contentHash":"00000000000000000000000000000000"},{"path":"Packages/com.unity.mathematics/Unity.Mathematics/Noise/classicnoise2D.cs","contentHash":"00000000000000000000000000000000"},{"path":"Packages/com.unity.ugui/Runtime/UI/Core/IMask.cs","contentHash":"00000000000000000000000000000000"},{"path":"Packages/com.unity.textmeshpro/Scripts/Runtime/TMP_PackageResourceImporter.cs","contentHash":"00000000000000000000000000000000"},{"path":"Packages/com.unity.ugui/Runtime/UI/Core/VertexModifiers/Shadow.cs","contentHash":"b6919327bcca55e4e56b20b361fa8ee4"},{"path":"Packages/com.unity.test-framework/UnityEngine.TestRunner/Assertions/AllocatingGCMemoryConstraint.cs","contentHash":"00000000000000000000000000000000"},{"path":"Packages/com.unity.ugui/Runtime/EventSystem/EventTrigger.cs","contentHash":"453c286dc9c9c693626ccfeab876ea44"},{"path":"Packages/com.unity.burst/Runtime/FunctionPointer.cs","contentHash":"00000000000000000000000000000000"},{"path":"Packages/com.unity.mathematics/Unity.Mathematics/matrix.gen.cs","contentHash":"00000000000000000000000000000000"},{"path":"Packages/com.unity.ugui/Runtime/UI/Core/InputField.cs","contentHash":"68d5dec1c60c68c2dfc1f02723e0b735"},{"path":"Packages/com.unity.test-framework/UnityEngine.TestRunner/TestRunner/ITestRunnerListener.cs","contentHash":"00000000000000000000000000000000"},{"path":"Packages/com.unity.test-framework/UnityEngine.TestRunner/Utils/PrebuildSceneSetupAttribute.cs","contentHash":"00000000000000000000000000000000"},{"path":"Packages/com.unity.2d.spriteshape/Runtime/External/LibTessDotNet/Dict.cs","contentHash":"00000000000000000000000000000000"},{"path":"Packages/com.unity.mathematics/Unity.Mathematics/float3x2.gen.cs","contentHash":"00000000000000000000000000000000"},{"path":"Packages/com.unity.mathematics/Unity.Mathematics/half3.gen.cs","contentHash":"00000000000000000000000000000000"},{"path":"Packages/com.unity.test-framework/UnityEngine.TestRunner/NUnitExtensions/Commands/UnityTestMethodCommand.cs","contentHash":"00000000000000000000000000000000"},{"path":"Packages/com.unity.mathematics/Unity.Mathematics/bool4x2.gen.cs","contentHash":"00000000000000000000000000000000"},{"path":"Packages/com.unity.test-framework/UnityEngine.TestRunner/Utils/ColorEqualityComparer.cs","contentHash":"00000000000000000000000000000000"},{"path":"Assets/Scripts/AnimatedSprite.cs","contentHash":"a4d5b3afaa1ef8b98ec608ed5a1c822e"},{"path":"Packages/com.unity.burst/Runtime/Editor/BurstEditorOptions.cs","contentHash":"00000000000000000000000000000000"},{"path":"Packages/com.unity.2d.animation/IK/Runtime/FabrikSolver2D.cs","contentHash":"07013afdf1108de7e8b7c16a87c2cc11"},{"path":"Assets/Scripts/PipePCG.cs","contentHash":"4e5da84b90efb49676cd5750db5e4675"},{"path":"Packages/com.unity.2d.spriteshape/Runtime/External/LibTessDotNet/PriorityQueue.cs","contentHash":"00000000000000000000000000000000"},{"path":"Packages/com.unity.ugui/Runtime/EventSystem/EventHandle.cs","contentHash":"00000000000000000000000000000000"},{"path":"Packages/com.unity.burst/Runtime/Intrinsics/Arm/NEON_AArch64_crypto.cs","contentHash":"00000000000000000000000000000000"},{"path":"Packages/com.unity.mathematics/Unity.Mathematics/double3x2.gen.cs","contentHash":"00000000000000000000000000000000"},{"path":"Packages/com.unity.test-framework/UnityEngine.TestRunner/NUnitExtensions/Runner/IEnumerableTestMethodCommand.cs","contentHash":"00000000000000000000000000000000"},{"path":"Packages/com.unity.ugui/Runtime/UI/Core/GraphicRaycaster.cs","contentHash":"df6eab954ec864d23f72bf3587a64b76"},{"path":"Packages/com.unity.test-framework/UnityEngine.TestRunner/NUnitExtensions/Commands/EnumerableSetUpTearDownCommand.cs","contentHash":"00000000000000000000000000000000"},{"path":"Packages/com.unity.2d.common/Runtime/UTess2D/Refinery.cs","contentHash":"00000000000000000000000000000000"},{"path":"Assets/Scripts/AltMysBri.cs","contentHash":"a2066994c4e20e01b9c1b642fb6c385e"},{"path":"Packages/com.unity.burst/Runtime/Intrinsics/v128.cs","contentHash":"00000000000000000000000000000000"},{"path":"Packages/com.unity.test-framework/UnityEngine.TestRunner/TestRunner/Callbacks/TestResultRendererCallback.cs","contentHash":"8c5ab079dbc06dd660a4f3f0f25c099e"},{"path":"Packages/com.unity.mathematics/Unity.Mathematics/double4x4.gen.cs","contentHash":"00000000000000000000000000000000"},{"path":"Packages/com.unity.test-framework/UnityEngine.TestRunner/NUnitExtensions/Commands/SetUpTearDownCommand.cs","contentHash":"00000000000000000000000000000000"},{"path":"Packages/com.unity.mathematics/Unity.Mathematics/Geometry/MinMaxAABB.cs","contentHash":"00000000000000000000000000000000"},{"path":"Packages/com.unity.ugui/Runtime/UI/Core/VertexModifiers/Outline.cs","contentHash":"c775193bec472a91767f76dccfe603e7"},{"path":"Packages/com.unity.textmeshpro/Scripts/Runtime/TMP_MeshInfo.cs","contentHash":"00000000000000000000000000000000"},{"path":"Packages/com.unity.2d.pixel-perfect/Runtime/PixelPerfectCameraInternal.cs","contentHash":"00000000000000000000000000000000"},{"path":"Packages/com.unity.test-framework/UnityEngine.TestRunner/NUnitExtensions/Commands/EnumerableRepeatedTestCommand.cs","contentHash":"00000000000000000000000000000000"},{"path":"Packages/com.unity.2d.animation/Runtime/TransformAccessJob.cs","contentHash":"00000000000000000000000000000000"},{"path":"Packages/com.unity.mathematics/Unity.Mathematics/matrix.cs","contentHash":"00000000000000000000000000000000"},{"path":"Packages/com.unity.mathematics/Unity.Mathematics/bool4x3.gen.cs","contentHash":"00000000000000000000000000000000"},{"path":"Packages/com.unity.burst/Runtime/Intrinsics/x86/Popcnt.cs","contentHash":"00000000000000000000000000000000"},{"path":"Packages/com.unity.2d.spriteshape/Runtime/BezierUtility.cs","contentHash":"00000000000000000000000000000000"},{"path":"Packages/com.unity.textmeshpro/Scripts/Runtime/TMP_SpriteAssetImportFormats.cs","contentHash":"00000000000000000000000000000000"},{"path":"Assets/Scripts/Pipe.cs","contentHash":"3e0fdd081601d5cdf1dce7ee5c2ee850"},{"path":"Packages/com.unity.textmeshpro/Scripts/Runtime/TMP_ObjectPool.cs","contentHash":"00000000000000000000000000000000"},{"path":"Packages/com.unity.2d.animation/Runtime/SpriteLib/ISpriteLibraryLabel.cs","contentHash":"00000000000000000000000000000000"},{"path":"Packages/com.unity.2d.tilemap.extras/Runtime/GridInformation/GridInformation.cs","contentHash":"cf913e3eafd25423213245dd111eee95"},{"path":"Packages/com.unity.mathematics/Unity.Mathematics/Noise/common.cs","contentHash":"00000000000000000000000000000000"},{"path":"Assets/Scripts/BlockHit.cs","contentHash":"f18b9d9411dea6728a0c362a3f621ce6"},{"path":"Packages/com.unity.test-framework/UnityEngine.TestRunner/NUnitExtensions/Filters/CategoryFilterExtended.cs","contentHash":"00000000000000000000000000000000"},{"path":"Packages/com.unity.burst/Runtime/BurstCompilerOptions.cs","contentHash":"00000000000000000000000000000000"},{"path":"Packages/com.unity.mathematics/Unity.Mathematics/bool4x4.gen.cs","contentHash":"00000000000000000000000000000000"},{"path":"Packages/com.unity.2d.animation/Runtime/SkeletonAsset.cs","contentHash":"34d8612f3c89d5469f9b4b8f9bca787d"},{"path":"Packages/com.unity.2d.animation/Runtime/SpriteLib/SpriteResolver.cs","contentHash":"42f4ddebdf2d44cdcd7ff3aa076f1606"},{"path":"Assets/Scripts/BlockItem.cs","contentHash":"213376fe7fc3f36b54cbe7d4a1a1c6b5"},{"path":"Assets/Scripts/PowerUp.cs","contentHash":"c6f3f833fcab0a17a64638da6407111a"},{"path":"Packages/com.unity.2d.animation/IK/Runtime/CCDSolver2D.cs","contentHash":"90885b097032aadd2271d72ab97877e0"},{"path":"Packages/com.unity.textmeshpro/Scripts/Runtime/TMPro_MeshUtilities.cs","contentHash":"00000000000000000000000000000000"},{"path":"Packages/com.unity.2d.common/Runtime/UTess2D/ArraySlice.cs","contentHash":"00000000000000000000000000000000"},{"path":"Packages/com.unity.test-framework/UnityEngine.TestRunner/NUnitExtensions/Filters/FullNameFilter.cs","contentHash":"00000000000000000000000000000000"},{"path":"Assets/Scripts/BlockCoin.cs","contentHash":"cdfb657a02c29081713f21d9ce96e007"},{"path":"Packages/com.unity.burst/Runtime/Intrinsics/x86/Sse2.cs","contentHash":"00000000000000000000000000000000"},{"path":"Packages/com.unity.mathematics/Unity.Mathematics/double3x3.gen.cs","contentHash":"00000000000000000000000000000000"},{"path":"Packages/com.unity.mathematics/Unity.Mathematics/bool2x4.gen.cs","contentHash":"00000000000000000000000000000000"},{"path":"Packages/com.unity.test-framework/UnityEngine.TestRunner/Utils/AssemblyProvider/ScriptingRuntimeProxy.cs","contentHash":"00000000000000000000000000000000"},{"path":"Packages/com.unity.test-framework/UnityEngine.TestRunner/NUnitExtensions/Runner/TestCommandBuilder.cs","contentHash":"00000000000000000000000000000000"},{"path":"Packages/com.unity.textmeshpro/Scripts/Runtime/TextMeshProUGUI.cs","contentHash":"ed034cff83e1d608e66691a37102630c"},{"path":"Packages/com.unity.mathematics/Unity.Mathematics/float2x3.gen.cs","contentHash":"00000000000000000000000000000000"},{"path":"Packages/com.unity.2d.animation/Runtime/SpriteLib/SpriteLibraryUtility.cs","contentHash":"00000000000000000000000000000000"},{"path":"Packages/com.unity.textmeshpro/Scripts/Runtime/TMP_FontAssetCommon.cs","contentHash":"00000000000000000000000000000000"},{"path":"Packages/com.unity.test-framework/UnityEngine.TestRunner/TestRunner/Callbacks/PlayerQuitHandler.cs","contentHash":"bd4016a2045f75e945497f07c5b80503"},{"path":"Packages/com.unity.burst/Runtime/CompilerServices/IgnoreWarningAttribute.cs","contentHash":"00000000000000000000000000000000"},{"path":"Packages/com.unity.mathematics/Unity.Mathematics/Noise/cellular2x2.cs","contentHash":"00000000000000000000000000000000"},{"path":"Packages/com.unity.test-framework/UnityEngine.TestRunner/Utils/AssemblyProvider/AssemblyLoadProxy.cs","contentHash":"00000000000000000000000000000000"},{"path":"Packages/com.unity.burst/Runtime/Intrinsics/x86/Avx.cs","contentHash":"00000000000000000000000000000000"},{"path":"Packages/com.unity.2d.common/Runtime/UTess2D/Tessellator.cs","contentHash":"00000000000000000000000000000000"},{"path":"Packages/com.unity.test-framework/UnityEngine.TestRunner/Utils/StacktraceFilter.cs","contentHash":"00000000000000000000000000000000"},{"path":"Packages/com.unity.ugui/Runtime/UI/Core/Utility/ReflectionMethodsCache.cs","contentHash":"00000000000000000000000000000000"},{"path":"Packages/com.unity.2d.animation/IK/Runtime/Solver2D.cs","contentHash":"00000000000000000000000000000000"},{"path":"Packages/com.unity.test-framework/UnityEngine.TestRunner/Utils/AssemblyProvider/IScriptingRuntimeProxy.cs","contentHash":"00000000000000000000000000000000"},{"path":"Packages/com.unity.ugui/Runtime/UI/Core/Image.cs","contentHash":"a9d9d285d996b592f1ccf674fa017099"},{"path":"Packages/com.unity.textmeshpro/Scripts/Runtime/TMP_ShaderUtilities.cs","contentHash":"00000000000000000000000000000000"},{"path":"Packages/com.unity.test-framework/UnityEngine.TestRunner/NUnitExtensions/Attributes/UnityTestAttribute.cs","contentHash":"00000000000000000000000000000000"},{"path":"Packages/com.unity.mathematics/Unity.Mathematics/math_unity_conversion.cs","contentHash":"00000000000000000000000000000000"},{"path":"Packages/com.unity.test-framework/UnityEngine.TestRunner/Utils/IPostBuildCleanup.cs","contentHash":"00000000000000000000000000000000"},{"path":"Packages/com.unity.test-framework/UnityEngine.TestRunner/Assertions/UnityTestTimeoutException.cs","contentHash":"00000000000000000000000000000000"},{"path":"Assets/Sprites/EmptyBlock.png","contentHash":"38315c65dffe7278a7fc07d34a6097bf"},{"path":"Assets/Sprites/Cloud2.png","contentHash":"2cafba95eadfe008ea4e2f08ba2c4c6c"},{"path":"Assets/Sprites/Mario_Big_Idle.png","contentHash":"a6f7b798c7ca9b80b4bbf2bc03f36c32"},{"path":"Assets/Sprites/MysteryBlock.png","contentHash":"2c269e494aa845265d98751c2ceced60"},{"path":"Assets/Sprites/Coin.png","contentHash":"b451bb9c003705ff088e8f615148ab10"},{"path":"Assets/Sprites/Mario_Small_Idle.png","contentHash":"2154f3211c7f1fdcbb90c18580eabf80"},{"path":"Assets/Sprites/Castle.png","contentHash":"8bb660035dd21da1f91d1e5bed10134e"},{"path":"Assets/Sprites/Mario_Small_Run2.png","contentHash":"a71ac846f168e45b1c1fe76aca9bbb4f"},{"path":"Assets/Sprites/GroundBlock.png","contentHash":"ba557b563fea876ff16ce9f27fbfb5c6"},{"path":"Assets/Sprites/Mario_Big_Jump.png","contentHash":"a9050cb374c94f31acdd145ca0bbcae9"},{"path":"Assets/Sprites/HardBlock.png","contentHash":"34d36f846f954152c64450588eab94cf"},{"path":"Assets/Sprites/Mario_Big_Run1.png","contentHash":"7b41bfcb9ea82d4500ea623a248de1c2"},{"path":"Assets/Sprites/Brick.png","contentHash":"ab2e666de0b4db42e99f6956e04c7dba"},{"path":"Assets/Sprites/FlagPole.png","contentHash":"7554da7491357f1c0ec56de0c0fef9d2"},{"path":"Assets/Sprites/PipeTop.png","contentHash":"99d2aa9448cf137891a810471b3b2284"},{"path":"Assets/Sprites/Mario_Small_Slide.png","contentHash":"1a033f1e1da78714bab5a6f53d916b33"},{"path":"Assets/Sprites/PipeBottom.png","contentHash":"3c2cb5eab8fd6589e92a7aa9efb59342"},{"path":"Assets/Sprites/Flag.png","contentHash":"12fb15665b71aa7411a4d64619c06e78"},{"path":"Assets/Sprites/Cloud3.png","contentHash":"c425b3e86f9248abae6fd5b3c30dca73"},{"path":"Assets/Sprites/Mario_Big_Run3.png","contentHash":"19aab031590351ad6226bca9eaa5e6b1"},{"path":"Assets/Sprites/Mario_Big_Slide.png","contentHash":"53ad7431fc4a9ccf0889c63209e29da5"},{"path":"Assets/Sprites/Mario_Big_Run2.png","contentHash":"94c56bc98345f6382c7719eeaade8965"},{"path":"Assets/Sprites/Mario_Small_Run3.png","contentHash":"1d3f1bfc644f3f202fc6ec76b3d4a4d4"},{"path":"Assets/Sprites/Cloud1.png","contentHash":"d91bb12c5e0fc045c36ac8c254f654e2"},{"path":"Assets/Sprites/Mario_Small_Death.png","contentHash":"7ecfef944cedcd65fe21e55702b2a11f"},{"path":"Assets/Sprites/Mario_Small_Run1.png","contentHash":"0fca691472d6f134132692dd05d12d0d"},{"path":"Assets/Sprites/Mario_Small_Jump.png","contentHash":"16b16d17a5a3c820cc7025cb2954ad86"},{"path":"Assets/Materials/NoFriction.physicsMaterial2D","contentHash":"89e21aaf26f5d2504ac23ac6cdb66bc3"},{"path":"Assets/Sprites/EmptyBlock.png","contentHash":"38315c65dffe7278a7fc07d34a6097bf"},{"path":"Assets/Sprites/Cloud2.png","contentHash":"2cafba95eadfe008ea4e2f08ba2c4c6c"},{"path":"Assets/Sprites/Mario_Big_Idle.png","contentHash":"a6f7b798c7ca9b80b4bbf2bc03f36c32"},{"path":"Assets/Sprites/MysteryBlock.png","contentHash":"2c269e494aa845265d98751c2ceced60"},{"path":"Assets/Sprites/Coin.png","contentHash":"b451bb9c003705ff088e8f615148ab10"},{"path":"Assets/Sprites/Mario_Small_Idle.png","contentHash":"2154f3211c7f1fdcbb90c18580eabf80"},{"path":"Assets/Sprites/Castle.png","contentHash":"8bb660035dd21da1f91d1e5bed10134e"},{"path":"Assets/Sprites/Mario_Small_Run2.png","contentHash":"a71ac846f168e45b1c1fe76aca9bbb4f"},{"path":"Assets/Sprites/GroundBlock.png","contentHash":"ba557b563fea876ff16ce9f27fbfb5c6"},{"path":"Assets/Sprites/Mario_Big_Jump.png","contentHash":"a9050cb374c94f31acdd145ca0bbcae9"},{"path":"Assets/Sprites/HardBlock.png","contentHash":"34d36f846f954152c64450588eab94cf"},{"path":"Assets/Sprites/Mario_Big_Run1.png","contentHash":"7b41bfcb9ea82d4500ea623a248de1c2"},{"path":"Assets/Sprites/Brick.png","contentHash":"ab2e666de0b4db42e99f6956e04c7dba"},{"path":"Assets/Sprites/FlagPole.png","contentHash":"7554da7491357f1c0ec56de0c0fef9d2"},{"path":"Assets/Sprites/PipeTop.png","contentHash":"99d2aa9448cf137891a810471b3b2284"},{"path":"Assets/Sprites/Mario_Small_Slide.png","contentHash":"1a033f1e1da78714bab5a6f53d916b33"},{"path":"Assets/Sprites/PipeBottom.png","contentHash":"3c2cb5eab8fd6589e92a7aa9efb59342"},{"path":"Assets/Sprites/Flag.png","contentHash":"12fb15665b71aa7411a4d64619c06e78"},{"path":"Assets/Sprites/Cloud3.png","contentHash":"c425b3e86f9248abae6fd5b3c30dca73"},{"path":"Assets/Sprites/Mario_Big_Run3.png","contentHash":"19aab031590351ad6226bca9eaa5e6b1"},{"path":"Assets/Sprites/Mario_Big_Slide.png","contentHash":"53ad7431fc4a9ccf0889c63209e29da5"},{"path":"Assets/Sprites/Mario_Big_Run2.png","contentHash":"94c56bc98345f6382c7719eeaade8965"},{"path":"Assets/Sprites/Mario_Small_Run3.png","contentHash":"1d3f1bfc644f3f202fc6ec76b3d4a4d4"},{"path":"Assets/Sprites/Cloud1.png","contentHash":"d91bb12c5e0fc045c36ac8c254f654e2"},{"path":"Assets/Sprites/Mario_Small_Death.png","contentHash":"7ecfef944cedcd65fe21e55702b2a11f"},{"path":"Assets/Sprites/Mario_Small_Run1.png","contentHash":"0fca691472d6f134132692dd05d12d0d"},{"path":"Assets/Sprites/Mario_Small_Jump.png","contentHash":"16b16d17a5a3c820cc7025cb2954ad86"},{"path":"Assets/Prefabs/BlockCoin.prefab","contentHash":"e9a645cfb91e7c1252bdc8fcee3236b5"},{"path":"Assets/Prefabs/Brick.prefab","contentHash":"0ad6b76c78637ab61d36d5ed7964adb9"},{"path":"Assets/Prefabs/HardBlock 1.prefab","contentHash":"5a6a529675a3c374a9ea35d5dc3baeb2"},{"path":"Assets/Prefabs/HardBlock 1.prefab","contentHash":"5a6a529675a3c374a9ea35d5dc3baeb2"},{"path":"Assets/Prefabs/HardBlock 1.prefab","contentHash":"5a6a529675a3c374a9ea35d5dc3baeb2"},{"path":"Assets/Prefabs/HardBlock 1.prefab","contentHash":"5a6a529675a3c374a9ea35d5dc3baeb2"},{"path":"Assets/Prefabs/Pipe.prefab","contentHash":"2075f9efdd16c50183b6fdcff01a8eb4"},{"path":"Assets/Prefabs/Pipe.prefab","contentHash":"2075f9efdd16c50183b6fdcff01a8eb4"},{"path":"Assets/Prefabs/Pipe.prefab","contentHash":"2075f9efdd16c50183b6fdcff01a8eb4"},{"path":"Assets/Prefabs/Ground.prefab","contentHash":"253294fd6943bd546c58ee7745775850"},{"path":"Assets/Prefabs/HardBlock 1.prefab","contentHash":"5a6a529675a3c374a9ea35d5dc3baeb2"},{"path":"Assets/Prefabs/MysteryBlock.prefab","contentHash":"0c2e39c2e228dd8d91c4388f3be2a519"},{"path":"Assets/Prefabs/BlockCoin.prefab","contentHash":"e9a645cfb91e7c1252bdc8fcee3236b5"},{"path":"Assets/Prefabs/HardBlock 1.prefab","contentHash":"5a6a529675a3c374a9ea35d5dc3baeb2"},{"path":"Assets/Prefabs/MysteryBlock.prefab","contentHash":"0c2e39c2e228dd8d91c4388f3be2a519"},{"path":"Assets/Prefabs/HardBlock 1.prefab","contentHash":"5a6a529675a3c374a9ea35d5dc3baeb2"},{"path":"Assets/Prefabs/HardBlock 1.prefab","contentHash":"5a6a529675a3c374a9ea35d5dc3baeb2"},{"path":"Assets/Prefabs/HardBlock 1.prefab","contentHash":"5a6a529675a3c374a9ea35d5dc3baeb2"},{"path":"Assets/Prefabs/Pipe.prefab","contentHash":"2075f9efdd16c50183b6fdcff01a8eb4"},{"path":"Assets/Prefabs/Pipe.prefab","contentHash":"2075f9efdd16c50183b6fdcff01a8eb4"},{"path":"Assets/Prefabs/Pipe.prefab","contentHash":"2075f9efdd16c50183b6fdcff01a8eb4"},{"path":"Assets/Prefabs/Brick.prefab","contentHash":"0ad6b76c78637ab61d36d5ed7964adb9"},{"path":"Assets/Prefabs/Ground.prefab","contentHash":"253294fd6943bd546c58ee7745775850"},{"path":"Assets/Prefabs/HardBlock 1.prefab","contentHash":"5a6a529675a3c374a9ea35d5dc3baeb2"},{"path":"Assets/Prefabs/HardBlock 1.prefab","contentHash":"5a6a529675a3c374a9ea35d5dc3baeb2"},{"path":"Assets/Prefabs/Pipe.prefab","contentHash":"2075f9efdd16c50183b6fdcff01a8eb4"},{"path":"Assets/Prefabs/HardBlock 1.prefab","contentHash":"5a6a529675a3c374a9ea35d5dc3baeb2"},{"path":"Assets/Prefabs/HardBlock 1.prefab","contentHash":"5a6a529675a3c374a9ea35d5dc3baeb2"},{"path":"Assets/Prefabs/Pipe.prefab","contentHash":"2075f9efdd16c50183b6fdcff01a8eb4"},{"path":"Assets/Prefabs/Brick.prefab","contentHash":"0ad6b76c78637ab61d36d5ed7964adb9"},{"path":"Assets/Prefabs/Pipe.prefab","contentHash":"2075f9efdd16c50183b6fdcff01a8eb4"},{"path":"Assets/Prefabs/Ground.prefab","contentHash":"253294fd6943bd546c58ee7745775850"},{"path":"Assets/Prefabs/MysteryBlock.prefab","contentHash":"0c2e39c2e228dd8d91c4388f3be2a519"},{"path":"Assets/Prefabs/HardBlock 1.prefab","contentHash":"5a6a529675a3c374a9ea35d5dc3baeb2"},{"path":"Assets/Prefabs/BlockCoin.prefab","contentHash":"e9a645cfb91e7c1252bdc8fcee3236b5"},{"path":"Assets/Prefabs/HardBlock 1.prefab","contentHash":"5a6a529675a3c374a9ea35d5dc3baeb2"},{"path":"Assets/Prefabs/HardBlock 1.prefab","contentHash":"5a6a529675a3c374a9ea35d5dc3baeb2"},{"path":"Assets/Prefabs/HardBlock 1.prefab","contentHash":"5a6a529675a3c374a9ea35d5dc3baeb2"},{"path":"Assets/Prefabs/Pipe.prefab","contentHash":"2075f9efdd16c50183b6fdcff01a8eb4"},{"path":"Assets/Prefabs/Pipe.prefab","contentHash":"2075f9efdd16c50183b6fdcff01a8eb4"},{"path":"Assets/Prefabs/Brick.prefab","contentHash":"0ad6b76c78637ab61d36d5ed7964adb9"},{"path":"Assets/Prefabs/MysteryBlock.prefab","contentHash":"0c2e39c2e228dd8d91c4388f3be2a519"},{"path":"Assets/Prefabs/Ground.prefab","contentHash":"253294fd6943bd546c58ee7745775850"},{"path":"Assets/Prefabs/HardBlock 1.prefab","contentHash":"5a6a529675a3c374a9ea35d5dc3baeb2"},{"path":"Assets/Prefabs/Brick.prefab","contentHash":"0ad6b76c78637ab61d36d5ed7964adb9"},{"path":"Assets/Prefabs/MysteryBlock.prefab","contentHash":"0c2e39c2e228dd8d91c4388f3be2a519"},{"path":"Assets/Prefabs/Pipe.prefab","contentHash":"2075f9efdd16c50183b6fdcff01a8eb4"},{"path":"Assets/Prefabs/BlockCoin.prefab","contentHash":"e9a645cfb91e7c1252bdc8fcee3236b5"},{"path":"Assets/Sprites/EmptyBlock.png","contentHash":"38315c65dffe7278a7fc07d34a6097bf"},{"path":"Assets/Sprites/Cloud2.png","contentHash":"2cafba95eadfe008ea4e2f08ba2c4c6c"},{"path":"Assets/Sprites/Mario_Big_Idle.png","contentHash":"a6f7b798c7ca9b80b4bbf2bc03f36c32"},{"path":"Assets/Sprites/MysteryBlock.png","contentHash":"2c269e494aa845265d98751c2ceced60"},{"path":"Assets/Sprites/Coin.png","contentHash":"b451bb9c003705ff088e8f615148ab10"},{"path":"Assets/Sprites/Mario_Small_Idle.png","contentHash":"2154f3211c7f1fdcbb90c18580eabf80"},{"path":"Assets/Sprites/Castle.png","contentHash":"8bb660035dd21da1f91d1e5bed10134e"},{"path":"Assets/Sprites/Mario_Small_Run2.png","contentHash":"a71ac846f168e45b1c1fe76aca9bbb4f"},{"path":"Assets/Sprites/GroundBlock.png","contentHash":"ba557b563fea876ff16ce9f27fbfb5c6"},{"path":"Assets/Sprites/Mario_Big_Jump.png","contentHash":"a9050cb374c94f31acdd145ca0bbcae9"},{"path":"Assets/Sprites/HardBlock.png","contentHash":"34d36f846f954152c64450588eab94cf"},{"path":"Assets/Sprites/Mario_Big_Run1.png","contentHash":"7b41bfcb9ea82d4500ea623a248de1c2"},{"path":"Assets/Sprites/Brick.png","contentHash":"ab2e666de0b4db42e99f6956e04c7dba"},{"path":"Assets/Sprites/FlagPole.png","contentHash":"7554da7491357f1c0ec56de0c0fef9d2"},{"path":"Assets/Sprites/PipeTop.png","contentHash":"99d2aa9448cf137891a810471b3b2284"},{"path":"Assets/Sprites/Mario_Small_Slide.png","contentHash":"1a033f1e1da78714bab5a6f53d916b33"},{"path":"Assets/Sprites/PipeBottom.png","contentHash":"3c2cb5eab8fd6589e92a7aa9efb59342"},{"path":"Assets/Sprites/Flag.png","contentHash":"12fb15665b71aa7411a4d64619c06e78"},{"path":"Assets/Sprites/Cloud3.png","contentHash":"c425b3e86f9248abae6fd5b3c30dca73"},{"path":"Assets/Sprites/Mario_Big_Run3.png","contentHash":"19aab031590351ad6226bca9eaa5e6b1"},{"path":"Assets/Sprites/Mario_Big_Slide.png","contentHash":"53ad7431fc4a9ccf0889c63209e29da5"},{"path":"Assets/Sprites/Mario_Big_Run2.png","contentHash":"94c56bc98345f6382c7719eeaade8965"},{"path":"Assets/Sprites/Mario_Small_Run3.png","contentHash":"1d3f1bfc644f3f202fc6ec76b3d4a4d4"},{"path":"Assets/Sprites/Cloud1.png","contentHash":"d91bb12c5e0fc045c36ac8c254f654e2"},{"path":"Assets/Sprites/Mario_Small_Death.png","contentHash":"7ecfef944cedcd65fe21e55702b2a11f"},{"path":"Assets/Sprites/Mario_Small_Run1.png","contentHash":"0fca691472d6f134132692dd05d12d0d"},{"path":"Assets/Sprites/Mario_Small_Jump.png","contentHash":"16b16d17a5a3c820cc7025cb2954ad86"},{"path":"ProjectSettings/AudioManager.asset","contentHash":"a5795a342fab19994f04d2c3395c0d77"},{"path":"ProjectSettings/ClusterInputManager.asset","contentHash":"b9d893e875ca5b2c2b20c6d3904e4d0c"},{"path":"ProjectSettings/DynamicsManager.asset","contentHash":"236d09ecc3149adf50c65c597916ce0f"},{"path":"ProjectSettings/EditorBuildSettings.asset","contentHash":"0581c45e4ea0b74cebd0ce0d06b15778"},{"path":"ProjectSettings/EditorSettings.asset","contentHash":"f16024b2eda13c0eb935edf727a2bb2f"},{"path":"ProjectSettings/GraphicsSettings.asset","contentHash":"95f16c30ec41f00310685ef8f756e43f"},{"path":"ProjectSettings/InputManager.asset","contentHash":"639efe5ebd1153006b2d5b64aed1be1d"},{"path":"ProjectSettings/MemorySettings.asset","contentHash":"3affbb349bfc2f06ac4e5f61ecec8197"},{"path":"ProjectSettings/NavMeshAreas.asset","contentHash":"390715dea7c5d57592f2f54a798f786b"},{"path":"ProjectSettings/NetworkManager.asset","contentHash":"00000000000000000000000000000000"},{"path":"ProjectSettings/PackageManagerSettings.asset","contentHash":"00000000000000000000000000000000"},{"path":"ProjectSettings/Physics2DSettings.asset","contentHash":"e49a9a79598e7252d76389a5a646ecc5"},{"path":"ProjectSettings/PresetManager.asset","contentHash":"b7912c8ee0f6d784e3ebeeb4441a5e46"},{"path":"ProjectSettings/ProjectSettings.asset","contentHash":"e58d91fa43763b7cac714cf905af1e7d"},{"path":"ProjectSettings/QualitySettings.asset","contentHash":"0e3bc65cbbb1301d8f2613fb29f8941c"},{"path":"ProjectSettings/TagManager.asset","contentHash":"dc6dbd949bb016e5e2ab4c6af3b6a26f"},{"path":"ProjectSettings/TimeManager.asset","contentHash":"be5fcc45879cab6438e5d75326808784"},{"path":"ProjectSettings/UnityConnectSettings.asset","contentHash":"74711a59033faedbd3bf67ebb80414fe"},{"path":"ProjectSettings/VersionControlSettings.asset","contentHash":"b09c2987ac2b1729f640c2303c2f34e0"},{"path":"ProjectSettings/VFXManager.asset","contentHash":"ae9df196c48baf4adca8d89fbdc33bbf"},{"path":"ProjectSettings/XRSettings.asset","contentHash":"00000000000000000000000000000000"}],"enabledModules":["","","","","","","","","","","","","","","","","","","","","","","","","","","","","","","","","","","","","","","","","","","","","","","","","","","","","","","","","","","","","","","","","","","","","","","","","","","","","","","","","","AI","AR","Accessibility","AndroidJNI","Animation","AssetBundle","Audio","Cloth","ClusterInput","ClusterRenderer","Core","CoreEditor","CrashReporting","DSPGraph","DeviceSimulatorEditor","DiagnosticsEditor","Director","GI","GameCenter","GraphViewEditor","Grid","HotReload","IMGUI","ImageConversion","Input","InputLegacy","JSONSerialize","Localization","PackageManagerUI","ParticleSystem","PerformanceReporting","Physics","Physics2D","Profiler","QuickSearch","RuntimeInitializeOnLoadManagerInitializer","SceneTemplateEditor","ScreenCapture","SharedInternals","SpriteMask","SpriteShape","Streaming","Substance","Subsystems","TLS","Terrain","TerrainPhysics","TextCoreFontEngine","TextCoreFontEngineEditor","TextCoreTextEngine","TextCoreTextEngineEditor","TextRendering","Tilemap","UI","UIBuilder","UIElements","UIElementsEditor","UIElementsNative","UIElementsSamplesEditor","UIServiceEditor","UNET","Umbra","UnityAnalytics","UnityAnalyticsCommon","UnityConnect","UnityConnectEditor","UnityCurl","UnityTestProtocol","UnityWebRequest","UnityWebRequestAssetBundle","UnityWebRequestAudio","UnityWebRequestTexture","UnityWebRequestWWW","VFX","VR","Vehicles","Video","VirtualTexturing","Wind","XR"],"resourcePaths":[],"buildOptions":0,"unityVersion":"2021.3.40f1"}